<metadata xml:lang="en"><Esri><CreaDate>20190115</CreaDate><CreaTime>15541300</CreaTime><ArcGISFormat>1.0</ArcGISFormat><SyncOnce>FALSE</SyncOnce><DataProperties><itemProps><itemName Sync="TRUE">RBI25K_TITIKKONTROLGEODESI_PT_25K</itemName><imsContentType Sync="TRUE">002</imsContentType><itemLocation><linkage Sync="TRUE">file://\\DESKTOP-G0PEJV2\D\Data\Clip_RBI\_NuClip\JawaTengah\25K\clip\KotaSemarang\RBI25K_TITIKKONTROLGEODESI_PT_25K.shp</linkage><protocol Sync="TRUE">Local Area Network</protocol></itemLocation><itemSize Sync="TRUE">0.000</itemSize></itemProps><coordRef><type Sync="TRUE">Geographic</type><geogcsn Sync="TRUE">GCS_WGS_1984</geogcsn><csUnits Sync="TRUE">Angular Unit: Degree (0.017453)</csUnits><peXml Sync="TRUE">&lt;GeographicCoordinateSystem xsi:type='typens:GeographicCoordinateSystem' xmlns:xsi='http://www.w3.org/2001/XMLSchema-instance' xmlns:xs='http://www.w3.org/2001/XMLSchema' xmlns:typens='http://www.esri.com/schemas/ArcGIS/10.8'&gt;&lt;WKT&gt;GEOGCS[&amp;quot;GCS_WGS_1984&amp;quot;,DATUM[&amp;quot;D_WGS_1984&amp;quot;,SPHEROID[&amp;quot;WGS_1984&amp;quot;,6378137.0,298.257223563]],PRIMEM[&amp;quot;Greenwich&amp;quot;,0.0],UNIT[&amp;quot;Degree&amp;quot;,0.0174532925199433]],VERTCS[&amp;quot;EGM2008_Geoid&amp;quot;,VDATUM[&amp;quot;EGM2008_Geoid&amp;quot;],PARAMETER[&amp;quot;Vertical_Shift&amp;quot;,0.0],PARAMETER[&amp;quot;Direction&amp;quot;,1.0],UNIT[&amp;quot;Meter&amp;quot;,1.0]]&lt;/WKT&gt;&lt;XOrigin&gt;-400&lt;/XOrigin&gt;&lt;YOrigin&gt;-400&lt;/YOrigin&gt;&lt;XYScale&gt;11258999068426.238&lt;/XYScale&gt;&lt;ZOrigin&gt;-100000&lt;/ZOrigin&gt;&lt;ZScale&gt;10000&lt;/ZScale&gt;&lt;MOrigin&gt;-100000&lt;/MOrigin&gt;&lt;MScale&gt;10000&lt;/MScale&gt;&lt;XYTolerance&gt;8.983152841195215e-09&lt;/XYTolerance&gt;&lt;ZTolerance&gt;0.001&lt;/ZTolerance&gt;&lt;MTolerance&gt;0.001&lt;/MTolerance&gt;&lt;HighPrecision&gt;true&lt;/HighPrecision&gt;&lt;LeftLongitude&gt;-180&lt;/LeftLongitude&gt;&lt;WKID&gt;4326&lt;/WKID&gt;&lt;LatestWKID&gt;4326&lt;/LatestWKID&gt;&lt;VCSWKID&gt;105790&lt;/VCSWKID&gt;&lt;LatestVCSWKID&gt;3855&lt;/LatestVCSWKID&gt;&lt;/GeographicCoordinateSystem&gt;</peXml></coordRef><lineage><Process ToolSource="c:\program files (x86)\arcgis\desktop10.5\ArcToolbox\Toolboxes\Data Management Tools.tbx\Merge" Date="20190115" Time="155452">Merge D:\BIG\D\PJKGG\UPDATE_6DES18\JKG.gdb\JKG;D:\BIG\D\KUGI\KUGIupdate\KUGI5_25K_Moan.gdb\ReferensiSpasial_25K\TITIKKONTROLGEODESI_PT_25K "Database Connections\Connection to d00dbs.ina-sdi.local 25K.sde\RBI25K.REFERENSISPASIAL\RBI25K.TITIKKONTROLGEODESI_PT_25K" "ID_DATABASE "ID_DATABASE" true true false 255 Text 0 0 ,First,#,D:\BIG\D\PJKGG\UPDATE_6DES18\JKG.gdb\JKG,ID_DATABASE,-1,-1;ID_JKHN "ID_JKHN" true true false 255 Text 0 0 ,First,#,D:\BIG\D\PJKGG\UPDATE_6DES18\JKG.gdb\JKG,ID_JKHN,-1,-1;ID_JKVN "ID_JKVN" true true false 255 Text 0 0 ,First,#,D:\BIG\D\PJKGG\UPDATE_6DES18\JKG.gdb\JKG,ID_JKVN,-1,-1;ID_JKGN "ID_JKGN" true true false 255 Text 0 0 ,First,#,D:\BIG\D\PJKGG\UPDATE_6DES18\JKG.gdb\JKG,ID_JKGN,-1,-1;ID "ID" true true false 255 Text 0 0 ,First,#,D:\BIG\D\PJKGG\UPDATE_6DES18\JKG.gdb\JKG,ID,-1,-1;SITECODE "SITECODE" true true false 255 Text 0 0 ,First,#,D:\BIG\D\PJKGG\UPDATE_6DES18\JKG.gdb\JKG,SITECODE,-1,-1;LATAPR "LATAPR" true true false 8 Double 0 0 ,First,#,D:\BIG\D\PJKGG\UPDATE_6DES18\JKG.gdb\JKG,LATAPR,-1,-1;LONAPR "LONAPR" true true false 8 Double 0 0 ,First,#,D:\BIG\D\PJKGG\UPDATE_6DES18\JKG.gdb\JKG,LONAPR,-1,-1;X "X" true true false 8 Double 0 0 ,First,#,D:\BIG\D\PJKGG\UPDATE_6DES18\JKG.gdb\JKG,X,-1,-1;Y "Y" true true false 8 Double 0 0 ,First,#,D:\BIG\D\PJKGG\UPDATE_6DES18\JKG.gdb\JKG,Y,-1,-1;Z "Z" true true false 8 Double 0 0 ,First,#,D:\BIG\D\PJKGG\UPDATE_6DES18\JKG.gdb\JKG,Z,-1,-1;SIGMAX "SIGMAX" true true false 8 Double 0 0 ,First,#,D:\BIG\D\PJKGG\UPDATE_6DES18\JKG.gdb\JKG,SIGMAX,-1,-1;SIGMAY "SIGMAY" true true false 8 Double 0 0 ,First,#,D:\BIG\D\PJKGG\UPDATE_6DES18\JKG.gdb\JKG,SIGMAY,-1,-1;SIGMAZ "SIGMAZ" true true false 8 Double 0 0 ,First,#,D:\BIG\D\PJKGG\UPDATE_6DES18\JKG.gdb\JKG,SIGMAZ,-1,-1;SDV "SDV" true true false 8 Double 0 0 ,First,#,D:\BIG\D\PJKGG\UPDATE_6DES18\JKG.gdb\JKG,SDV,-1,-1;UTARA "UTARA" true true false 8 Double 0 0 ,First,#,D:\BIG\D\PJKGG\UPDATE_6DES18\JKG.gdb\JKG,UTARA,-1,-1;TIMUR "TIMUR" true true false 8 Double 0 0 ,First,#,D:\BIG\D\PJKGG\UPDATE_6DES18\JKG.gdb\JKG,TIMUR,-1,-1;KONDISI_HOR "KONDISI_HOR" true true false 255 Text 0 0 ,First,#,D:\BIG\D\PJKGG\UPDATE_6DES18\JKG.gdb\JKG,KONDISI_HOR,-1,-1;KONDISI_VER "KONDISI_VER" true true false 255 Text 0 0 ,First,#,D:\BIG\D\PJKGG\UPDATE_6DES18\JKG.gdb\JKG,KONDISI_VER,-1,-1;UPDATE_HOR "UPDATE_HOR" true true false 8 Date 0 0 ,First,#,D:\BIG\D\PJKGG\UPDATE_6DES18\JKG.gdb\JKG,UPDATE_HOR,-1,-1;UPDATE_REKON "UPDATE_REKON" true true false 8 Date 0 0 ,First,#,D:\BIG\D\PJKGG\UPDATE_6DES18\JKG.gdb\JKG,UPDATE_REKON,-1,-1;PROVINSI "PROVINSI" true true false 255 Text 0 0 ,First,#,D:\BIG\D\PJKGG\UPDATE_6DES18\JKG.gdb\JKG,PROVINSI,-1,-1;KABUPATEN "KABUPATEN" true true false 255 Text 0 0 ,First,#,D:\BIG\D\PJKGG\UPDATE_6DES18\JKG.gdb\JKG,KABUPATEN,-1,-1;KECAMATAN "KECAMATAN" true true false 255 Text 0 0 ,First,#,D:\BIG\D\PJKGG\UPDATE_6DES18\JKG.gdb\JKG,KECAMATAN,-1,-1;DESA_KELURAHAN "DESA_KELURAHAN" true true false 255 Text 0 0 ,First,#,D:\BIG\D\PJKGG\UPDATE_6DES18\JKG.gdb\JKG,DESA_KELURAHAN,-1,-1;MENONJOL "MENONJOL" true true false 255 Text 0 0 ,First,#,D:\BIG\D\PJKGG\UPDATE_6DES18\JKG.gdb\JKG,MENONJOL,-1,-1;LOKASI "LOKASI" true true false 255 Text 0 0 ,First,#,D:\BIG\D\PJKGG\UPDATE_6DES18\JKG.gdb\JKG,LOKASI,-1,-1;URAIAN_LOKASI "URAIAN_LOKASI" true true false 255 Text 0 0 ,First,#,D:\BIG\D\PJKGG\UPDATE_6DES18\JKG.gdb\JKG,URAIAN_LOKASI,-1,-1;AKSES_LOKASI "AKSES_LOKASI" true true false 255 Text 0 0 ,First,#,D:\BIG\D\PJKGG\UPDATE_6DES18\JKG.gdb\JKG,AKSES_LOKASI,-1,-1;REMARK "REMARK" true true false 255 Text 0 0 ,First,#,D:\BIG\D\PJKGG\UPDATE_6DES18\JKG.gdb\JKG,REMARK,-1,-1,D:\BIG\D\KUGI\KUGIupdate\KUGI5_25K_Moan.gdb\ReferensiSpasial_25K\TITIKKONTROLGEODESI_PT_25K,REMARK,-1,-1;GYBAKU "GYBAKU" true true false 8 Double 0 0 ,First,#,D:\BIG\D\PJKGG\UPDATE_6DES18\JKG.gdb\JKG,GYBAKU,-1,-1,D:\BIG\D\KUGI\KUGIupdate\KUGI5_25K_Moan.gdb\ReferensiSpasial_25K\TITIKKONTROLGEODESI_PT_25K,GYBAKU,-1,-1;ZONA_UTM "ZONA_UTM" true true false 255 Text 0 0 ,First,#,D:\BIG\D\PJKGG\UPDATE_6DES18\JKG.gdb\JKG,ZONA_UTM,-1,-1;DATUMTINGGI "DATUMTINGGI" true true false 255 Text 0 0 ,First,#,D:\BIG\D\PJKGG\UPDATE_6DES18\JKG.gdb\JKG,DATUMTINGGI,-1,-1;PENGELOLA "PENGELOLA" true true false 255 Text 0 0 ,First,#,D:\BIG\D\PJKGG\UPDATE_6DES18\JKG.gdb\JKG,PENGELOLA,-1,-1;SDV_GAYABERAT "SDV_GAYABERAT" true true false 8 Double 0 0 ,First,#,D:\BIG\D\PJKGG\UPDATE_6DES18\JKG.gdb\JKG,SDV_GAYABERAT,-1,-1;PPTO "PPTO" true true false 255 Text 0 0 ,First,#,D:\BIG\D\PJKGG\UPDATE_6DES18\JKG.gdb\JKG,PPTO,-1,-1;KG1 "KG1" true true false 8 Double 0 0 ,First,#,D:\BIG\D\PJKGG\UPDATE_6DES18\JKG.gdb\JKG,KG1,-1,-1;KG2 "KG2" true true false 8 Double 0 0 ,First,#,D:\BIG\D\PJKGG\UPDATE_6DES18\JKG.gdb\JKG,KG2,-1,-1;VAGPST "VAGPST" true true false 8 Double 0 0 ,First,#,D:\BIG\D\PJKGG\UPDATE_6DES18\JKG.gdb\JKG,VAGPST,-1,-1,D:\BIG\D\KUGI\KUGIupdate\KUGI5_25K_Moan.gdb\ReferensiSpasial_25K\TITIKKONTROLGEODESI_PT_25K,VAGPST,-1,-1;VAEPST "VAEPST" true true false 8 Double 0 0 ,First,#,D:\BIG\D\PJKGG\UPDATE_6DES18\JKG.gdb\JKG,VAEPST,-1,-1,D:\BIG\D\KUGI\KUGIupdate\KUGI5_25K_Moan.gdb\ReferensiSpasial_25K\TITIKKONTROLGEODESI_PT_25K,VAEPST,-1,-1;KONV_GRID "KONV_GRID" true true false 8 Double 0 0 ,First,#,D:\BIG\D\PJKGG\UPDATE_6DES18\JKG.gdb\JKG,KONV_GRID,-1,-1;FAKTOR_SKALA "FAKTOR_SKALA" true true false 8 Double 0 0 ,First,#,D:\BIG\D\PJKGG\UPDATE_6DES18\JKG.gdb\JKG,FAKTOR_SKALA,-1,-1;FISIK "FISIK" true true false 255 Text 0 0 ,First,#,D:\BIG\D\PJKGG\UPDATE_6DES18\JKG.gdb\JKG,FISIK,-1,-1;IDENTF "IDENTF" true true false 255 Text 0 0 ,First,#,D:\BIG\D\PJKGG\UPDATE_6DES18\JKG.gdb\JKG,IDENTF,-1,-1;NAMOBJ "NAMOBJ" true true false 255 Text 0 0 ,First,#,D:\BIG\D\PJKGG\UPDATE_6DES18\JKG.gdb\JKG,NAMOBJ,-1,-1,D:\BIG\D\KUGI\KUGIupdate\KUGI5_25K_Moan.gdb\ReferensiSpasial_25K\TITIKKONTROLGEODESI_PT_25K,NAMOBJ,-1,-1;FCODE "FCODE" true true false 255 Text 0 0 ,First,#,D:\BIG\D\PJKGG\UPDATE_6DES18\JKG.gdb\JKG,FCODE,-1,-1,D:\BIG\D\KUGI\KUGIupdate\KUGI5_25K_Moan.gdb\ReferensiSpasial_25K\TITIKKONTROLGEODESI_PT_25K,FCODE,-1,-1;LANDMARK "LANDMARK" true true false 255 Text 0 0 ,First,#,D:\BIG\D\PJKGG\UPDATE_6DES18\JKG.gdb\JKG,LANDMARK,-1,-1;SRS_ID "SRS_ID" true true false 255 Text 0 0 ,First,#,D:\BIG\D\PJKGG\UPDATE_6DES18\JKG.gdb\JKG,SRS_ID,-1,-1,D:\BIG\D\KUGI\KUGIupdate\KUGI5_25K_Moan.gdb\ReferensiSpasial_25K\TITIKKONTROLGEODESI_PT_25K,SRS_ID,-1,-1;LCODE "LCODE" true true false 255 Text 0 0 ,First,#,D:\BIG\D\PJKGG\UPDATE_6DES18\JKG.gdb\JKG,LCODE,-1,-1;METADATA "METADATA" true true false 255 Text 0 0 ,First,#,D:\BIG\D\PJKGG\UPDATE_6DES18\JKG.gdb\JKG,METADATA,-1,-1,D:\BIG\D\KUGI\KUGIupdate\KUGI5_25K_Moan.gdb\ReferensiSpasial_25K\TITIKKONTROLGEODESI_PT_25K,METADATA,-1,-1;IDEOLD "IDEOLD" true true false 255 Text 0 0 ,First,#,D:\BIG\D\PJKGG\UPDATE_6DES18\JKG.gdb\JKG,IDEOLD,-1,-1;NMLAUD "NMLAUD" true true false 255 Text 0 0 ,First,#,D:\BIG\D\PJKGG\UPDATE_6DES18\JKG.gdb\JKG,NMLAUD,-1,-1,D:\BIG\D\KUGI\KUGIupdate\KUGI5_25K_Moan.gdb\ReferensiSpasial_25K\TITIKKONTROLGEODESI_PT_25K,NMLAUD,-1,-1;TGLPMN "TGLPMN" true true false 8 Date 0 0 ,First,#,D:\BIG\D\PJKGG\UPDATE_6DES18\JKG.gdb\JKG,TGLPMN,-1,-1;ID_TITIKUP "ID_TITIKUP" true true false 255 Text 0 0 ,First,#,D:\BIG\D\PJKGG\UPDATE_6DES18\JKG.gdb\JKG,ID_TITIKUP,-1,-1;SKETSA_UMUM "SKETSA_UMUM" true true false 255 Text 0 0 ,First,#,D:\BIG\D\PJKGG\UPDATE_6DES18\JKG.gdb\JKG,SKETSA_UMUM,-1,-1;SKETSA_DETIL "SKETSA_DETIL" true true false 255 Text 0 0 ,First,#,D:\BIG\D\PJKGG\UPDATE_6DES18\JKG.gdb\JKG,SKETSA_DETIL,-1,-1;FOTO_DEKAT "FOTO_DEKAT" true true false 255 Text 0 0 ,First,#,D:\BIG\D\PJKGG\UPDATE_6DES18\JKG.gdb\JKG,FOTO_DEKAT,-1,-1;FOTO_JAUH "FOTO_JAUH" true true false 255 Text 0 0 ,First,#,D:\BIG\D\PJKGG\UPDATE_6DES18\JKG.gdb\JKG,FOTO_JAUH,-1,-1;OFFSET_PPT "OFFSET_PPT" true true false 255 Text 0 0 ,First,#,D:\BIG\D\PJKGG\UPDATE_6DES18\JKG.gdb\JKG,OFFSET_PPT,-1,-1;SURVEYOR "SURVEYOR" true true false 255 Text 0 0 ,First,#,D:\BIG\D\PJKGG\UPDATE_6DES18\JKG.gdb\JKG,SURVEYOR,-1,-1;UPDATE_VER "UPDATE_VER" true true false 8 Date 0 0 ,First,#,D:\BIG\D\PJKGG\UPDATE_6DES18\JKG.gdb\JKG,UPDATE_VER,-1,-1;METUKR "METUKR" true true false 255 Text 0 0 ,First,#,D:\BIG\D\PJKGG\UPDATE_6DES18\JKG.gdb\JKG,METUKR,-1,-1,D:\BIG\D\KUGI\KUGIupdate\KUGI5_25K_Moan.gdb\ReferensiSpasial_25K\TITIKKONTROLGEODESI_PT_25K,METUKR,-1,-1;AKHJKH "AKHJKH" true true false 255 Text 0 0 ,First,#,D:\BIG\D\PJKGG\UPDATE_6DES18\JKG.gdb\JKG,AKHJKH,-1,-1;SOBTKT "SOBTKT" true true false 255 Text 0 0 ,First,#,D:\BIG\D\PJKGG\UPDATE_6DES18\JKG.gdb\JKG,SOBTKT,-1,-1,D:\BIG\D\KUGI\KUGIupdate\KUGI5_25K_Moan.gdb\ReferensiSpasial_25K\TITIKKONTROLGEODESI_PT_25K,SOBTKT,-1,-1;AKUJKG "AKUJKG" true true false 255 Text 0 0 ,First,#,D:\BIG\D\PJKGG\UPDATE_6DES18\JKG.gdb\JKG,AKUJKG,-1,-1;MONUMN "MONUMN" true true false 255 Text 0 0 ,First,#,D:\BIG\D\PJKGG\UPDATE_6DES18\JKG.gdb\JKG,MONUMN,-1,-1;TPHTGG "TPHTGG" true true false 255 Text 0 0 ,First,#,D:\BIG\D\PJKGG\UPDATE_6DES18\JKG.gdb\JKG,TPHTGG,-1,-1,D:\BIG\D\KUGI\KUGIupdate\KUGI5_25K_Moan.gdb\ReferensiSpasial_25K\TITIKKONTROLGEODESI_PT_25K,TPHTGG,-1,-1;TGGPDK "TGGPDK" true true false 255 Text 0 0 ,First,#,D:\BIG\D\PJKGG\UPDATE_6DES18\JKG.gdb\JKG,TGGPDK,-1,-1,D:\BIG\D\KUGI\KUGIupdate\KUGI5_25K_Moan.gdb\ReferensiSpasial_25K\TITIKKONTROLGEODESI_PT_25K,TGGPDK,-1,-1;VEKAKU "VEKAKU" true true false 255 Text 0 0 ,First,#,D:\BIG\D\PJKGG\UPDATE_6DES18\JKG.gdb\JKG,VEKAKU,-1,-1,D:\BIG\D\KUGI\KUGIupdate\KUGI5_25K_Moan.gdb\ReferensiSpasial_25K\TITIKKONTROLGEODESI_PT_25K,VEKAKU,-1,-1;VEKARH "VEKARH" true true false 255 Text 0 0 ,First,#,D:\BIG\D\PJKGG\UPDATE_6DES18\JKG.gdb\JKG,VEKARH,-1,-1,D:\BIG\D\KUGI\KUGIupdate\KUGI5_25K_Moan.gdb\ReferensiSpasial_25K\TITIKKONTROLGEODESI_PT_25K,VEKARH,-1,-1;VEKSL "VEKSL" true true false 255 Text 0 0 ,First,#,D:\BIG\D\PJKGG\UPDATE_6DES18\JKG.gdb\JKG,VEKSL,-1,-1;AKUVER "AKUVER" true true false 255 Text 0 0 ,First,#,D:\BIG\D\PJKGG\UPDATE_6DES18\JKG.gdb\JKG,AKUVER,-1,-1;GYBPDK "GYBPDK" true true false 255 Text 0 0 ,First,#,D:\BIG\D\PJKGG\UPDATE_6DES18\JKG.gdb\JKG,GYBPDK,-1,-1,D:\BIG\D\KUGI\KUGIupdate\KUGI5_25K_Moan.gdb\ReferensiSpasial_25K\TITIKKONTROLGEODESI_PT_25K,GYBPDK,-1,-1;MEJKGB "MEJKGB" true true false 255 Text 0 0 ,First,#,D:\BIG\D\PJKGG\UPDATE_6DES18\JKG.gdb\JKG,MEJKGB,-1,-1,D:\BIG\D\KUGI\KUGIupdate\KUGI5_25K_Moan.gdb\ReferensiSpasial_25K\TITIKKONTROLGEODESI_PT_25K,MEJKGB,-1,-1;MHPST "MHPST" true true false 255 Text 0 0 ,First,#,D:\BIG\D\PJKGG\UPDATE_6DES18\JKG.gdb\JKG,MHPST,-1,-1;MEVPST "MEVPST" true true false 255 Text 0 0 ,First,#,D:\BIG\D\PJKGG\UPDATE_6DES18\JKG.gdb\JKG,MEVPST,-1,-1,D:\BIG\D\KUGI\KUGIupdate\KUGI5_25K_Moan.gdb\ReferensiSpasial_25K\TITIKKONTROLGEODESI_PT_25K,MEVPST,-1,-1;VX "VX" true true false 255 Text 0 0 ,First,#,D:\BIG\D\PJKGG\UPDATE_6DES18\JKG.gdb\JKG,VX,-1,-1;VY "VY" true true false 255 Text 0 0 ,First,#,D:\BIG\D\PJKGG\UPDATE_6DES18\JKG.gdb\JKG,VY,-1,-1;VZ "VZ" true true false 255 Text 0 0 ,First,#,D:\BIG\D\PJKGG\UPDATE_6DES18\JKG.gdb\JKG,VZ,-1,-1;VU "VU" true true false 255 Text 0 0 ,First,#,D:\BIG\D\PJKGG\UPDATE_6DES18\JKG.gdb\JKG,VU,-1,-1;VT "VT" true true false 255 Text 0 0 ,First,#,D:\BIG\D\PJKGG\UPDATE_6DES18\JKG.gdb\JKG,VT,-1,-1;VV "VV" true true false 255 Text 0 0 ,First,#,D:\BIG\D\PJKGG\UPDATE_6DES18\JKG.gdb\JKG,VV,-1,-1;UPDATE_GB "UPDATE_GB" true true false 255 Text 0 0 ,First,#,D:\BIG\D\PJKGG\UPDATE_6DES18\JKG.gdb\JKG,UPDATE_GB,-1,-1;DATUMGB "DATUMGB" true true false 255 Text 0 0 ,First,#,D:\BIG\D\PJKGG\UPDATE_6DES18\JKG.gdb\JKG,DATUMGB,-1,-1;ID_PILAR "ID_PILAR" true true false 255 Text 0 0 ,First,#,D:\BIG\D\PJKGG\UPDATE_6DES18\JKG.gdb\JKG,ID_PILAR,-1,-1;PILAR "PILAR" true true false 255 Text 0 0 ,First,#,D:\BIG\D\PJKGG\UPDATE_6DES18\JKG.gdb\JKG,PILAR,-1,-1;LINTANG_DD_ "LINTANG_DD_" true true false 8 Double 0 0 ,First,#,D:\BIG\D\PJKGG\UPDATE_6DES18\JKG.gdb\JKG,LINTANG_DD_,-1,-1;BUJUR_DD_ "BUJUR_DD_" true true false 8 Double 0 0 ,First,#,D:\BIG\D\PJKGG\UPDATE_6DES18\JKG.gdb\JKG,BUJUR_DD_,-1,-1;LINTANG_DERAJAT "LINTANG_DERAJAT" true true false 8 Double 0 0 ,First,#,D:\BIG\D\PJKGG\UPDATE_6DES18\JKG.gdb\JKG,LINTANG_DERAJAT,-1,-1;LINTANG_MENIT "LINTANG_MENIT" true true false 8 Double 0 0 ,First,#,D:\BIG\D\PJKGG\UPDATE_6DES18\JKG.gdb\JKG,LINTANG_MENIT,-1,-1;LINTANG_DETIK "LINTANG_DETIK" true true false 8 Double 0 0 ,First,#,D:\BIG\D\PJKGG\UPDATE_6DES18\JKG.gdb\JKG,LINTANG_DETIK,-1,-1;LINTANG_NS "LINTANG_NS" true true false 255 Text 0 0 ,First,#,D:\BIG\D\PJKGG\UPDATE_6DES18\JKG.gdb\JKG,LINTANG_NS,-1,-1;BUJUR_DERAJAT "BUJUR_DERAJAT" true true false 8 Double 0 0 ,First,#,D:\BIG\D\PJKGG\UPDATE_6DES18\JKG.gdb\JKG,BUJUR_DERAJAT,-1,-1;BUJUR_MENIT "BUJUR_MENIT" true true false 8 Double 0 0 ,First,#,D:\BIG\D\PJKGG\UPDATE_6DES18\JKG.gdb\JKG,BUJUR_MENIT,-1,-1;BUJUR_DETIK "BUJUR_DETIK" true true false 8 Double 0 0 ,First,#,D:\BIG\D\PJKGG\UPDATE_6DES18\JKG.gdb\JKG,BUJUR_DETIK,-1,-1;BUJUR_EW "BUJUR_EW" true true false 255 Text 0 0 ,First,#,D:\BIG\D\PJKGG\UPDATE_6DES18\JKG.gdb\JKG,BUJUR_EW,-1,-1;ORDHRZ "Ordo Jaringan Horizontal" true true false 4 Long 0 0 ,First,#,D:\BIG\D\KUGI\KUGIupdate\KUGI5_25K_Moan.gdb\ReferensiSpasial_25K\TITIKKONTROLGEODESI_PT_25K,ORDHRZ,-1,-1;ACURTX "Akurasi dalam sistem Kartesian X" true true false 8 Double 0 0 ,First,#,D:\BIG\D\KUGI\KUGIupdate\KUGI5_25K_Moan.gdb\ReferensiSpasial_25K\TITIKKONTROLGEODESI_PT_25K,ACURTX,-1,-1;ACURTY "Akurasi dalam sistem Kartesian Y" true true false 8 Double 0 0 ,First,#,D:\BIG\D\KUGI\KUGIupdate\KUGI5_25K_Moan.gdb\ReferensiSpasial_25K\TITIKKONTROLGEODESI_PT_25K,ACURTY,-1,-1;ACURTZ "Akurasi dalam sistem Kartesian Z" true true false 8 Double 0 0 ,First,#,D:\BIG\D\KUGI\KUGIupdate\KUGI5_25K_Moan.gdb\ReferensiSpasial_25K\TITIKKONTROLGEODESI_PT_25K,ACURTZ,-1,-1;AKSLKS "Akses dan rute jalan menuju ke lokasi ke lokasi stasiun" true true false 50 Text 0 0 ,First,#,D:\BIG\D\KUGI\KUGIupdate\KUGI5_25K_Moan.gdb\ReferensiSpasial_25K\TITIKKONTROLGEODESI_PT_25K,AKSLKS,-1,-1;ORDVER "Orde Jaringan Vertikal" true true false 4 Long 0 0 ,First,#,D:\BIG\D\KUGI\KUGIupdate\KUGI5_25K_Moan.gdb\ReferensiSpasial_25K\TITIKKONTROLGEODESI_PT_25K,ORDVER,-1,-1;DATGD "Datum geodesi" true true false 50 Text 0 0 ,First,#,D:\BIG\D\KUGI\KUGIupdate\KUGI5_25K_Moan.gdb\ReferensiSpasial_25K\TITIKKONTROLGEODESI_PT_25K,DATGD,-1,-1;ELVORT "Tinggi orthometrik yang didapatkan dari hasil pengolahan" true true false 8 Double 0 0 ,First,#,D:\BIG\D\KUGI\KUGIupdate\KUGI5_25K_Moan.gdb\ReferensiSpasial_25K\TITIKKONTROLGEODESI_PT_25K,ELVORT,-1,-1;EPOCH "Epoch" true true false 50 Text 0 0 ,First,#,D:\BIG\D\KUGI\KUGIupdate\KUGI5_25K_Moan.gdb\ReferensiSpasial_25K\TITIKKONTROLGEODESI_PT_25K,EPOCH,-1,-1;FSSCLA "Faktor skala pada setiap zona UTM" true true false 8 Double 0 0 ,First,#,D:\BIG\D\KUGI\KUGIupdate\KUGI5_25K_Moan.gdb\ReferensiSpasial_25K\TITIKKONTROLGEODESI_PT_25K,FSSCLA,-1,-1;IDCORS "Kode titik kontrol geodesi" true true false 50 Text 0 0 ,First,#,D:\BIG\D\KUGI\KUGIupdate\KUGI5_25K_Moan.gdb\ReferensiSpasial_25K\TITIKKONTROLGEODESI_PT_25K,IDCORS,-1,-1;KNPMNJ "Kenampakan menonjol" true true false 50 Text 0 0 ,First,#,D:\BIG\D\KUGI\KUGIupdate\KUGI5_25K_Moan.gdb\ReferensiSpasial_25K\TITIKKONTROLGEODESI_PT_25K,KNPMNJ,-1,-1;KRUTMT "Koordinat Timur dalam sistem UTM" true true false 8 Double 0 0 ,First,#,D:\BIG\D\KUGI\KUGIupdate\KUGI5_25K_Moan.gdb\ReferensiSpasial_25K\TITIKKONTROLGEODESI_PT_25K,KRUTMT,-1,-1;KRUTMU "Koordinat Utara dalam sistem UTM" true true false 8 Double 0 0 ,First,#,D:\BIG\D\KUGI\KUGIupdate\KUGI5_25K_Moan.gdb\ReferensiSpasial_25K\TITIKKONTROLGEODESI_PT_25K,KRUTMU,-1,-1;KTSDTM "Ketersediaan data meteorologi" true true false 2 Short 0 0 ,First,#,D:\BIG\D\KUGI\KUGIupdate\KUGI5_25K_Moan.gdb\ReferensiSpasial_25K\TITIKKONTROLGEODESI_PT_25K,KTSDTM,-1,-1;KVNGRD "KVNGRD" true true false 8 Double 0 0 ,First,#,D:\BIG\D\KUGI\KUGIupdate\KUGI5_25K_Moan.gdb\ReferensiSpasial_25K\TITIKKONTROLGEODESI_PT_25K,KVNGRD,-1,-1;KOORDY "Koordinat lintang" true true false 8 Double 0 0 ,First,#,D:\BIG\D\KUGI\KUGIupdate\KUGI5_25K_Moan.gdb\ReferensiSpasial_25K\TITIKKONTROLGEODESI_PT_25K,KOORDY,-1,-1;KOORDX "Koordinat bujur" true true false 8 Double 0 0 ,First,#,D:\BIG\D\KUGI\KUGIupdate\KUGI5_25K_Moan.gdb\ReferensiSpasial_25K\TITIKKONTROLGEODESI_PT_25K,KOORDX,-1,-1;MEHPST "Metode observasi pasang surut (horizontal)" true true false 4 Long 0 0 ,First,#,D:\BIG\D\KUGI\KUGIupdate\KUGI5_25K_Moan.gdb\ReferensiSpasial_25K\TITIKKONTROLGEODESI_PT_25K,MEHPST,-1,-1;MONUME "Jenis Monumentasi pilar TKG" true true false 4 Long 0 0 ,First,#,D:\BIG\D\KUGI\KUGIupdate\KUGI5_25K_Moan.gdb\ReferensiSpasial_25K\TITIKKONTROLGEODESI_PT_25K,MONUME,-1,-1;TGLPSG "Tanggal pembangunan" true true false 8 Date 0 0 ,First,#,D:\BIG\D\KUGI\KUGIupdate\KUGI5_25K_Moan.gdb\ReferensiSpasial_25K\TITIKKONTROLGEODESI_PT_25K,TGLPSG,-1,-1;TIPATN "Jenis antena di stasiun CORS" true true false 50 Text 0 0 ,First,#,D:\BIG\D\KUGI\KUGIupdate\KUGI5_25K_Moan.gdb\ReferensiSpasial_25K\TITIKKONTROLGEODESI_PT_25K,TIPATN,-1,-1;TIPRCV "Jenis receiver di stasiun CORS" true true false 50 Text 0 0 ,First,#,D:\BIG\D\KUGI\KUGIupdate\KUGI5_25K_Moan.gdb\ReferensiSpasial_25K\TITIKKONTROLGEODESI_PT_25K,TIPRCV,-1,-1;URNLKS "Uraian lokasi TKG" true true false 50 Text 0 0 ,First,#,D:\BIG\D\KUGI\KUGIupdate\KUGI5_25K_Moan.gdb\ReferensiSpasial_25K\TITIKKONTROLGEODESI_PT_25K,URNLKS,-1,-1;VEKSKL "Vector of Scale" true true false 8 Double 0 0 ,First,#,D:\BIG\D\KUGI\KUGIupdate\KUGI5_25K_Moan.gdb\ReferensiSpasial_25K\TITIKKONTROLGEODESI_PT_25K,VEKSKL,-1,-1;ZONUTM "Letak TKG berdasarkan pembagian Zona UTM" true true false 50 Text 0 0 ,First,#,D:\BIG\D\KUGI\KUGIupdate\KUGI5_25K_Moan.gdb\ReferensiSpasial_25K\TITIKKONTROLGEODESI_PT_25K,ZONUTM,-1,-1;AKUORT "Ketelitian Tinggi Orthometrik" true true false 8 Double 0 0 ,First,#,D:\BIG\D\KUGI\KUGIupdate\KUGI5_25K_Moan.gdb\ReferensiSpasial_25K\TITIKKONTROLGEODESI_PT_25K,AKUORT,-1,-1;KOORX "Koordinat dalam sistem kartesian X" true true false 8 Double 0 0 ,First,#,D:\BIG\D\KUGI\KUGIupdate\KUGI5_25K_Moan.gdb\ReferensiSpasial_25K\TITIKKONTROLGEODESI_PT_25K,KOORX,-1,-1;KOORY "Koordinat dalam sistem kartesian Y" true true false 8 Double 0 0 ,First,#,D:\BIG\D\KUGI\KUGIupdate\KUGI5_25K_Moan.gdb\ReferensiSpasial_25K\TITIKKONTROLGEODESI_PT_25K,KOORY,-1,-1;KOORZ "Koordinat dalam sistem kartesian Z" true true false 8 Double 0 0 ,First,#,D:\BIG\D\KUGI\KUGIupdate\KUGI5_25K_Moan.gdb\ReferensiSpasial_25K\TITIKKONTROLGEODESI_PT_25K,KOORZ,-1,-1;VLCRTT "Velocity Rate T" true true false 8 Double 0 0 ,First,#,D:\BIG\D\KUGI\KUGIupdate\KUGI5_25K_Moan.gdb\ReferensiSpasial_25K\TITIKKONTROLGEODESI_PT_25K,VLCRTT,-1,-1;VLCRTU "Velocity Rate U" true true false 8 Double 0 0 ,First,#,D:\BIG\D\KUGI\KUGIupdate\KUGI5_25K_Moan.gdb\ReferensiSpasial_25K\TITIKKONTROLGEODESI_PT_25K,VLCRTU,-1,-1;VLCRTV "Velocity Rate V" true true false 8 Double 0 0 ,First,#,D:\BIG\D\KUGI\KUGIupdate\KUGI5_25K_Moan.gdb\ReferensiSpasial_25K\TITIKKONTROLGEODESI_PT_25K,VLCRTV,-1,-1;VLCRTX "Velocity Rate X" true true false 8 Double 0 0 ,First,#,D:\BIG\D\KUGI\KUGIupdate\KUGI5_25K_Moan.gdb\ReferensiSpasial_25K\TITIKKONTROLGEODESI_PT_25K,VLCRTX,-1,-1;VLCRTY "Velocity Rate Y" true true false 8 Double 0 0 ,First,#,D:\BIG\D\KUGI\KUGIupdate\KUGI5_25K_Moan.gdb\ReferensiSpasial_25K\TITIKKONTROLGEODESI_PT_25K,VLCRTY,-1,-1;VLCRTZ "Velocity Rate Z" true true false 8 Double 0 0 ,First,#,D:\BIG\D\KUGI\KUGIupdate\KUGI5_25K_Moan.gdb\ReferensiSpasial_25K\TITIKKONTROLGEODESI_PT_25K,VLCRTZ,-1,-1"</Process><Process ToolSource="c:\program files (x86)\arcgis\desktop10.8\ArcToolbox\Toolboxes\Analysis Tools.tbx\Clip" Date="20221226" Time="085223">Clip RBI25K.TITIKKONTROLGEODESI_PT_25K D:/Data/Clip_RBI/_NuClip/JawaTengah/25K/diss/diss_KotaSemarang_idx_.shp D:\Data\Clip_RBI\_NuClip\JawaTengah\25K\clip\KotaSemarang\RBI25K_TITIKKONTROLGEODESI_PT_25K.shp #</Process></lineage></DataProperties><SyncDate>20221226</SyncDate><SyncTime>08522200</SyncTime><ModDate>20221226</ModDate><ModTime>08522200</ModTime></Esri><dataIdInfo><envirDesc Sync="TRUE"> Version 6.2 (Build 9200) ; Esri ArcGIS 10.8.1.14362</envirDesc><dataLang><languageCode value="ind" Sync="TRUE"></languageCode><countryCode value="IDN" Sync="TRUE"></countryCode></dataLang><idCitation><resTitle Sync="TRUE">RBI25K_TITIKKONTROLGEODESI_PT_25K</resTitle><presForm><PresFormCd value="005" Sync="TRUE"></PresFormCd></presForm></idCitation><spatRpType><SpatRepTypCd value="001" Sync="TRUE"></SpatRepTypCd></spatRpType></dataIdInfo><mdLang><languageCode value="ind" Sync="TRUE"></languageCode><countryCode value="IDN" Sync="TRUE"></countryCode></mdLang><distInfo><distFormat><formatName Sync="TRUE">Shapefile</formatName></distFormat><distTranOps><transSize Sync="TRUE">0.000</transSize></distTranOps></distInfo><mdHrLv><ScopeCd value="005" Sync="TRUE"></ScopeCd></mdHrLv><mdHrLvName Sync="TRUE">dataset</mdHrLvName><refSysInfo><RefSystem><refSysID><identCode code="4326" Sync="TRUE"></identCode><idCodeSpace Sync="TRUE">EPSG</idCodeSpace><idVersion Sync="TRUE">6.14(3.0.1)</idVersion></refSysID></RefSystem></refSysInfo><spatRepInfo><VectSpatRep><geometObjs Name="RBI25K_TITIKKONTROLGEODESI_PT_25K"><geoObjTyp><GeoObjTypCd value="004" Sync="TRUE"></GeoObjTypCd></geoObjTyp><geoObjCnt Sync="TRUE">0</geoObjCnt></geometObjs><topLvl><TopoLevCd value="001" Sync="TRUE"></TopoLevCd></topLvl></VectSpatRep></spatRepInfo><spdoinfo><ptvctinf><esriterm Name="RBI25K_TITIKKONTROLGEODESI_PT_25K"><efeatyp Sync="TRUE">Simple</efeatyp><efeageom code="1" Sync="TRUE"></efeageom><esritopo Sync="TRUE">FALSE</esritopo><efeacnt Sync="TRUE">0</efeacnt><spindex Sync="TRUE">FALSE</spindex><linrefer Sync="TRUE">TRUE</linrefer></esriterm></ptvctinf></spdoinfo><eainfo><detailed Name="RBI25K_TITIKKONTROLGEODESI_PT_25K"><enttyp><enttypl Sync="TRUE">RBI25K_TITIKKONTROLGEODESI_PT_25K</enttypl><enttypt Sync="TRUE">Feature Class</enttypt><enttypc Sync="TRUE">0</enttypc></enttyp><attr><attrlabl Sync="TRUE">FID</attrlabl><attalias Sync="TRUE">FID</attalias><attrtype Sync="TRUE">OID</attrtype><attwidth Sync="TRUE">4</attwidth><atprecis Sync="TRUE">0</atprecis><attscale Sync="TRUE">0</attscale><attrdef Sync="TRUE">Internal feature number.</attrdef><attrdefs Sync="TRUE">Esri</attrdefs><attrdomv><udom Sync="TRUE">Sequential unique whole numbers that are automatically generated.</udom></attrdomv></attr><attr><attrlabl Sync="TRUE">ID_JKHN</attrlabl><attalias Sync="TRUE">ID_JKHN</attalias><attrtype Sync="TRUE">String</attrtype><attwidth Sync="TRUE">254</attwidth><atprecis Sync="TRUE">0</atprecis><attscale Sync="TRUE">0</attscale></attr><attr><attrlabl Sync="TRUE">ID_DATABAS</attrlabl><attalias Sync="TRUE">ID_DATABAS</attalias><attrtype Sync="TRUE">String</attrtype><attwidth Sync="TRUE">254</attwidth><atprecis Sync="TRUE">0</atprecis><attscale Sync="TRUE">0</attscale></attr><attr><attrlabl Sync="TRUE">ID_JKVN</attrlabl><attalias Sync="TRUE">ID_JKVN</attalias><attrtype Sync="TRUE">String</attrtype><attwidth Sync="TRUE">254</attwidth><atprecis Sync="TRUE">0</atprecis><attscale Sync="TRUE">0</attscale></attr><attr><attrlabl Sync="TRUE">ID_JKGN</attrlabl><attalias Sync="TRUE">ID_JKGN</attalias><attrtype Sync="TRUE">String</attrtype><attwidth Sync="TRUE">254</attwidth><atprecis Sync="TRUE">0</atprecis><attscale Sync="TRUE">0</attscale></attr><attr><attrlabl Sync="TRUE">ID</attrlabl><attalias Sync="TRUE">ID</attalias><attrtype Sync="TRUE">String</attrtype><attwidth Sync="TRUE">254</attwidth><atprecis Sync="TRUE">0</atprecis><attscale Sync="TRUE">0</attscale></attr><attr><attrlabl Sync="TRUE">SITECODE</attrlabl><attalias Sync="TRUE">SITECODE</attalias><attrtype Sync="TRUE">String</attrtype><attwidth Sync="TRUE">254</attwidth><atprecis Sync="TRUE">0</atprecis><attscale Sync="TRUE">0</attscale></attr><attr><attrlabl Sync="TRUE">LATAPR</attrlabl><attalias Sync="TRUE">LATAPR</attalias><attrtype Sync="TRUE">Double</attrtype><attwidth Sync="TRUE">19</attwidth><atprecis Sync="TRUE">18</atprecis><attscale Sync="TRUE">8</attscale></attr><attr><attrlabl Sync="TRUE">LONAPR</attrlabl><attalias Sync="TRUE">LONAPR</attalias><attrtype Sync="TRUE">Double</attrtype><attwidth Sync="TRUE">19</attwidth><atprecis Sync="TRUE">18</atprecis><attscale Sync="TRUE">8</attscale></attr><attr><attrlabl Sync="TRUE">X</attrlabl><attalias Sync="TRUE">X</attalias><attrtype Sync="TRUE">Double</attrtype><attwidth Sync="TRUE">19</attwidth><atprecis Sync="TRUE">18</atprecis><attscale Sync="TRUE">8</attscale></attr><attr><attrlabl Sync="TRUE">Y</attrlabl><attalias Sync="TRUE">Y</attalias><attrtype Sync="TRUE">Double</attrtype><attwidth Sync="TRUE">19</attwidth><atprecis Sync="TRUE">18</atprecis><attscale Sync="TRUE">8</attscale></attr><attr><attrlabl Sync="TRUE">Z</attrlabl><attalias Sync="TRUE">Z</attalias><attrtype Sync="TRUE">Double</attrtype><attwidth Sync="TRUE">19</attwidth><atprecis Sync="TRUE">18</atprecis><attscale Sync="TRUE">8</attscale></attr><attr><attrlabl Sync="TRUE">SIGMAX</attrlabl><attalias Sync="TRUE">SIGMAX</attalias><attrtype Sync="TRUE">Double</attrtype><attwidth Sync="TRUE">19</attwidth><atprecis Sync="TRUE">18</atprecis><attscale Sync="TRUE">8</attscale></attr><attr><attrlabl Sync="TRUE">SIGMAY</attrlabl><attalias Sync="TRUE">SIGMAY</attalias><attrtype Sync="TRUE">Double</attrtype><attwidth Sync="TRUE">19</attwidth><atprecis Sync="TRUE">18</atprecis><attscale Sync="TRUE">8</attscale></attr><attr><attrlabl Sync="TRUE">SIGMAZ</attrlabl><attalias Sync="TRUE">SIGMAZ</attalias><attrtype Sync="TRUE">Double</attrtype><attwidth Sync="TRUE">19</attwidth><atprecis Sync="TRUE">18</atprecis><attscale Sync="TRUE">8</attscale></attr><attr><attrlabl Sync="TRUE">SDV</attrlabl><attalias Sync="TRUE">SDV</attalias><attrtype Sync="TRUE">Double</attrtype><attwidth Sync="TRUE">19</attwidth><atprecis Sync="TRUE">18</atprecis><attscale Sync="TRUE">8</attscale></attr><attr><attrlabl Sync="TRUE">UTARA</attrlabl><attalias Sync="TRUE">UTARA</attalias><attrtype Sync="TRUE">Double</attrtype><attwidth Sync="TRUE">19</attwidth><atprecis Sync="TRUE">18</atprecis><attscale Sync="TRUE">8</attscale></attr><attr><attrlabl Sync="TRUE">TIMUR</attrlabl><attalias Sync="TRUE">TIMUR</attalias><attrtype Sync="TRUE">Double</attrtype><attwidth Sync="TRUE">19</attwidth><atprecis Sync="TRUE">18</atprecis><attscale Sync="TRUE">8</attscale></attr><attr><attrlabl Sync="TRUE">UPDATE_HOR</attrlabl><attalias Sync="TRUE">UPDATE_HOR</attalias><attrtype Sync="TRUE">Date</attrtype><attwidth Sync="TRUE">8</attwidth><atprecis Sync="TRUE">0</atprecis><attscale Sync="TRUE">0</attscale></attr><attr><attrlabl Sync="TRUE">KONDISI_HO</attrlabl><attalias Sync="TRUE">KONDISI_HO</attalias><attrtype Sync="TRUE">String</attrtype><attwidth Sync="TRUE">254</attwidth><atprecis Sync="TRUE">0</atprecis><attscale Sync="TRUE">0</attscale></attr><attr><attrlabl Sync="TRUE">KONDISI_VE</attrlabl><attalias Sync="TRUE">KONDISI_VE</attalias><attrtype Sync="TRUE">String</attrtype><attwidth Sync="TRUE">254</attwidth><atprecis Sync="TRUE">0</atprecis><attscale Sync="TRUE">0</attscale></attr><attr><attrlabl Sync="TRUE">PROVINSI</attrlabl><attalias Sync="TRUE">PROVINSI</attalias><attrtype Sync="TRUE">String</attrtype><attwidth Sync="TRUE">254</attwidth><atprecis Sync="TRUE">0</atprecis><attscale Sync="TRUE">0</attscale></attr><attr><attrlabl Sync="TRUE">UPDATE_REK</attrlabl><attalias Sync="TRUE">UPDATE_REK</attalias><attrtype Sync="TRUE">Date</attrtype><attwidth Sync="TRUE">8</attwidth><atprecis Sync="TRUE">0</atprecis><attscale Sync="TRUE">0</attscale></attr><attr><attrlabl Sync="TRUE">KABUPATEN</attrlabl><attalias Sync="TRUE">KABUPATEN</attalias><attrtype Sync="TRUE">String</attrtype><attwidth Sync="TRUE">254</attwidth><atprecis Sync="TRUE">0</atprecis><attscale Sync="TRUE">0</attscale></attr><attr><attrlabl Sync="TRUE">KECAMATAN</attrlabl><attalias Sync="TRUE">KECAMATAN</attalias><attrtype Sync="TRUE">String</attrtype><attwidth Sync="TRUE">254</attwidth><atprecis Sync="TRUE">0</atprecis><attscale Sync="TRUE">0</attscale></attr><attr><attrlabl Sync="TRUE">MENONJOL</attrlabl><attalias Sync="TRUE">MENONJOL</attalias><attrtype Sync="TRUE">String</attrtype><attwidth Sync="TRUE">254</attwidth><atprecis Sync="TRUE">0</atprecis><attscale Sync="TRUE">0</attscale></attr><attr><attrlabl Sync="TRUE">DESA_KELUR</attrlabl><attalias Sync="TRUE">DESA_KELUR</attalias><attrtype Sync="TRUE">String</attrtype><attwidth Sync="TRUE">254</attwidth><atprecis Sync="TRUE">0</atprecis><attscale Sync="TRUE">0</attscale></attr><attr><attrlabl Sync="TRUE">LOKASI</attrlabl><attalias Sync="TRUE">LOKASI</attalias><attrtype Sync="TRUE">String</attrtype><attwidth Sync="TRUE">254</attwidth><atprecis Sync="TRUE">0</atprecis><attscale Sync="TRUE">0</attscale></attr><attr><attrlabl Sync="TRUE">REMARK</attrlabl><attalias Sync="TRUE">REMARK</attalias><attrtype Sync="TRUE">String</attrtype><attwidth Sync="TRUE">254</attwidth><atprecis Sync="TRUE">0</atprecis><attscale Sync="TRUE">0</attscale></attr><attr><attrlabl Sync="TRUE">URAIAN_LOK</attrlabl><attalias Sync="TRUE">URAIAN_LOK</attalias><attrtype Sync="TRUE">String</attrtype><attwidth Sync="TRUE">254</attwidth><atprecis Sync="TRUE">0</atprecis><attscale Sync="TRUE">0</attscale></attr><attr><attrlabl Sync="TRUE">AKSES_LOKA</attrlabl><attalias Sync="TRUE">AKSES_LOKA</attalias><attrtype Sync="TRUE">String</attrtype><attwidth Sync="TRUE">254</attwidth><atprecis Sync="TRUE">0</atprecis><attscale Sync="TRUE">0</attscale></attr><attr><attrlabl Sync="TRUE">GYBAKU</attrlabl><attalias Sync="TRUE">GYBAKU</attalias><attrtype Sync="TRUE">Double</attrtype><attwidth Sync="TRUE">19</attwidth><atprecis Sync="TRUE">18</atprecis><attscale Sync="TRUE">8</attscale></attr><attr><attrlabl Sync="TRUE">ZONA_UTM</attrlabl><attalias Sync="TRUE">ZONA_UTM</attalias><attrtype Sync="TRUE">String</attrtype><attwidth Sync="TRUE">254</attwidth><atprecis Sync="TRUE">0</atprecis><attscale Sync="TRUE">0</attscale></attr><attr><attrlabl Sync="TRUE">PENGELOLA</attrlabl><attalias Sync="TRUE">PENGELOLA</attalias><attrtype Sync="TRUE">String</attrtype><attwidth Sync="TRUE">254</attwidth><atprecis Sync="TRUE">0</atprecis><attscale Sync="TRUE">0</attscale></attr><attr><attrlabl Sync="TRUE">DATUMTINGG</attrlabl><attalias Sync="TRUE">DATUMTINGG</attalias><attrtype Sync="TRUE">String</attrtype><attwidth Sync="TRUE">254</attwidth><atprecis Sync="TRUE">0</atprecis><attscale Sync="TRUE">0</attscale></attr><attr><attrlabl Sync="TRUE">PPTO</attrlabl><attalias Sync="TRUE">PPTO</attalias><attrtype Sync="TRUE">String</attrtype><attwidth Sync="TRUE">254</attwidth><atprecis Sync="TRUE">0</atprecis><attscale Sync="TRUE">0</attscale></attr><attr><attrlabl Sync="TRUE">SDV_GAYABE</attrlabl><attalias Sync="TRUE">SDV_GAYABE</attalias><attrtype Sync="TRUE">Double</attrtype><attwidth Sync="TRUE">19</attwidth><atprecis Sync="TRUE">18</atprecis><attscale Sync="TRUE">8</attscale></attr><attr><attrlabl Sync="TRUE">KG1</attrlabl><attalias Sync="TRUE">KG1</attalias><attrtype Sync="TRUE">Double</attrtype><attwidth Sync="TRUE">19</attwidth><atprecis Sync="TRUE">18</atprecis><attscale Sync="TRUE">8</attscale></attr><attr><attrlabl Sync="TRUE">KG2</attrlabl><attalias Sync="TRUE">KG2</attalias><attrtype Sync="TRUE">Double</attrtype><attwidth Sync="TRUE">19</attwidth><atprecis Sync="TRUE">18</atprecis><attscale Sync="TRUE">8</attscale></attr><attr><attrlabl Sync="TRUE">VAGPST</attrlabl><attalias Sync="TRUE">VAGPST</attalias><attrtype Sync="TRUE">Double</attrtype><attwidth Sync="TRUE">19</attwidth><atprecis Sync="TRUE">18</atprecis><attscale Sync="TRUE">8</attscale></attr><attr><attrlabl Sync="TRUE">VAEPST</attrlabl><attalias Sync="TRUE">VAEPST</attalias><attrtype Sync="TRUE">Double</attrtype><attwidth Sync="TRUE">19</attwidth><atprecis Sync="TRUE">18</atprecis><attscale Sync="TRUE">8</attscale></attr><attr><attrlabl Sync="TRUE">KONV_GRID</attrlabl><attalias Sync="TRUE">KONV_GRID</attalias><attrtype Sync="TRUE">Double</attrtype><attwidth Sync="TRUE">19</attwidth><atprecis Sync="TRUE">18</atprecis><attscale Sync="TRUE">8</attscale></attr><attr><attrlabl Sync="TRUE">FISIK</attrlabl><attalias Sync="TRUE">FISIK</attalias><attrtype Sync="TRUE">String</attrtype><attwidth Sync="TRUE">254</attwidth><atprecis Sync="TRUE">0</atprecis><attscale Sync="TRUE">0</attscale></attr><attr><attrlabl Sync="TRUE">FAKTOR_SKA</attrlabl><attalias Sync="TRUE">FAKTOR_SKA</attalias><attrtype Sync="TRUE">Double</attrtype><attwidth Sync="TRUE">19</attwidth><atprecis Sync="TRUE">18</atprecis><attscale Sync="TRUE">8</attscale></attr><attr><attrlabl Sync="TRUE">IDENTF</attrlabl><attalias Sync="TRUE">IDENTF</attalias><attrtype Sync="TRUE">String</attrtype><attwidth Sync="TRUE">254</attwidth><atprecis Sync="TRUE">0</atprecis><attscale Sync="TRUE">0</attscale></attr><attr><attrlabl Sync="TRUE">NAMOBJ</attrlabl><attalias Sync="TRUE">NAMOBJ</attalias><attrtype Sync="TRUE">String</attrtype><attwidth Sync="TRUE">254</attwidth><atprecis Sync="TRUE">0</atprecis><attscale Sync="TRUE">0</attscale></attr><attr><attrlabl Sync="TRUE">FCODE</attrlabl><attalias Sync="TRUE">FCODE</attalias><attrtype Sync="TRUE">String</attrtype><attwidth Sync="TRUE">254</attwidth><atprecis Sync="TRUE">0</atprecis><attscale Sync="TRUE">0</attscale></attr><attr><attrlabl Sync="TRUE">LANDMARK</attrlabl><attalias Sync="TRUE">LANDMARK</attalias><attrtype Sync="TRUE">String</attrtype><attwidth Sync="TRUE">254</attwidth><atprecis Sync="TRUE">0</atprecis><attscale Sync="TRUE">0</attscale></attr><attr><attrlabl Sync="TRUE">SRS_ID</attrlabl><attalias Sync="TRUE">SRS_ID</attalias><attrtype Sync="TRUE">String</attrtype><attwidth Sync="TRUE">254</attwidth><atprecis Sync="TRUE">0</atprecis><attscale Sync="TRUE">0</attscale></attr><attr><attrlabl Sync="TRUE">LCODE</attrlabl><attalias Sync="TRUE">LCODE</attalias><attrtype Sync="TRUE">String</attrtype><attwidth Sync="TRUE">254</attwidth><atprecis Sync="TRUE">0</atprecis><attscale Sync="TRUE">0</attscale></attr><attr><attrlabl Sync="TRUE">METADATA</attrlabl><attalias Sync="TRUE">METADATA</attalias><attrtype Sync="TRUE">String</attrtype><attwidth Sync="TRUE">254</attwidth><atprecis Sync="TRUE">0</atprecis><attscale Sync="TRUE">0</attscale></attr><attr><attrlabl Sync="TRUE">IDEOLD</attrlabl><attalias Sync="TRUE">IDEOLD</attalias><attrtype Sync="TRUE">String</attrtype><attwidth Sync="TRUE">254</attwidth><atprecis Sync="TRUE">0</atprecis><attscale Sync="TRUE">0</attscale></attr><attr><attrlabl Sync="TRUE">NMLAUD</attrlabl><attalias Sync="TRUE">NMLAUD</attalias><attrtype Sync="TRUE">String</attrtype><attwidth Sync="TRUE">254</attwidth><atprecis Sync="TRUE">0</atprecis><attscale Sync="TRUE">0</attscale></attr><attr><attrlabl Sync="TRUE">TGLPMN</attrlabl><attalias Sync="TRUE">TGLPMN</attalias><attrtype Sync="TRUE">Date</attrtype><attwidth Sync="TRUE">8</attwidth><atprecis Sync="TRUE">0</atprecis><attscale Sync="TRUE">0</attscale></attr><attr><attrlabl Sync="TRUE">ID_TITIKUP</attrlabl><attalias Sync="TRUE">ID_TITIKUP</attalias><attrtype Sync="TRUE">String</attrtype><attwidth Sync="TRUE">254</attwidth><atprecis Sync="TRUE">0</atprecis><attscale Sync="TRUE">0</attscale></attr><attr><attrlabl Sync="TRUE">FOTO_DEKAT</attrlabl><attalias Sync="TRUE">FOTO_DEKAT</attalias><attrtype Sync="TRUE">String</attrtype><attwidth Sync="TRUE">254</attwidth><atprecis Sync="TRUE">0</atprecis><attscale Sync="TRUE">0</attscale></attr><attr><attrlabl Sync="TRUE">SKETSA_UMU</attrlabl><attalias Sync="TRUE">SKETSA_UMU</attalias><attrtype Sync="TRUE">String</attrtype><attwidth Sync="TRUE">254</attwidth><atprecis Sync="TRUE">0</atprecis><attscale Sync="TRUE">0</attscale></attr><attr><attrlabl Sync="TRUE">SKETSA_DET</attrlabl><attalias Sync="TRUE">SKETSA_DET</attalias><attrtype Sync="TRUE">String</attrtype><attwidth Sync="TRUE">254</attwidth><atprecis Sync="TRUE">0</atprecis><attscale Sync="TRUE">0</attscale></attr><attr><attrlabl Sync="TRUE">FOTO_JAUH</attrlabl><attalias Sync="TRUE">FOTO_JAUH</attalias><attrtype Sync="TRUE">String</attrtype><attwidth Sync="TRUE">254</attwidth><atprecis Sync="TRUE">0</atprecis><attscale Sync="TRUE">0</attscale></attr><attr><attrlabl Sync="TRUE">OFFSET_PPT</attrlabl><attalias Sync="TRUE">OFFSET_PPT</attalias><attrtype Sync="TRUE">String</attrtype><attwidth Sync="TRUE">254</attwidth><atprecis Sync="TRUE">0</atprecis><attscale Sync="TRUE">0</attscale></attr><attr><attrlabl Sync="TRUE">SURVEYOR</attrlabl><attalias Sync="TRUE">SURVEYOR</attalias><attrtype Sync="TRUE">String</attrtype><attwidth Sync="TRUE">254</attwidth><atprecis Sync="TRUE">0</atprecis><attscale Sync="TRUE">0</attscale></attr><attr><attrlabl Sync="TRUE">UPDATE_VER</attrlabl><attalias Sync="TRUE">UPDATE_VER</attalias><attrtype Sync="TRUE">Date</attrtype><attwidth Sync="TRUE">8</attwidth><atprecis Sync="TRUE">0</atprecis><attscale Sync="TRUE">0</attscale></attr><attr><attrlabl Sync="TRUE">METUKR</attrlabl><attalias Sync="TRUE">METUKR</attalias><attrtype Sync="TRUE">String</attrtype><attwidth Sync="TRUE">254</attwidth><atprecis Sync="TRUE">0</atprecis><attscale Sync="TRUE">0</attscale></attr><attr><attrlabl Sync="TRUE">AKHJKH</attrlabl><attalias Sync="TRUE">AKHJKH</attalias><attrtype Sync="TRUE">String</attrtype><attwidth Sync="TRUE">254</attwidth><atprecis Sync="TRUE">0</atprecis><attscale Sync="TRUE">0</attscale></attr><attr><attrlabl Sync="TRUE">SOBTKT</attrlabl><attalias Sync="TRUE">SOBTKT</attalias><attrtype Sync="TRUE">String</attrtype><attwidth Sync="TRUE">254</attwidth><atprecis Sync="TRUE">0</atprecis><attscale Sync="TRUE">0</attscale></attr><attr><attrlabl Sync="TRUE">AKUJKG</attrlabl><attalias Sync="TRUE">AKUJKG</attalias><attrtype Sync="TRUE">String</attrtype><attwidth Sync="TRUE">254</attwidth><atprecis Sync="TRUE">0</atprecis><attscale Sync="TRUE">0</attscale></attr><attr><attrlabl Sync="TRUE">MONUMN</attrlabl><attalias Sync="TRUE">MONUMN</attalias><attrtype Sync="TRUE">String</attrtype><attwidth Sync="TRUE">254</attwidth><atprecis Sync="TRUE">0</atprecis><attscale Sync="TRUE">0</attscale></attr><attr><attrlabl Sync="TRUE">TPHTGG</attrlabl><attalias Sync="TRUE">TPHTGG</attalias><attrtype Sync="TRUE">String</attrtype><attwidth Sync="TRUE">254</attwidth><atprecis Sync="TRUE">0</atprecis><attscale Sync="TRUE">0</attscale></attr><attr><attrlabl Sync="TRUE">TGGPDK</attrlabl><attalias Sync="TRUE">TGGPDK</attalias><attrtype Sync="TRUE">String</attrtype><attwidth Sync="TRUE">254</attwidth><atprecis Sync="TRUE">0</atprecis><attscale Sync="TRUE">0</attscale></attr><attr><attrlabl Sync="TRUE">VEKAKU</attrlabl><attalias Sync="TRUE">VEKAKU</attalias><attrtype Sync="TRUE">String</attrtype><attwidth Sync="TRUE">254</attwidth><atprecis Sync="TRUE">0</atprecis><attscale Sync="TRUE">0</attscale></attr><attr><attrlabl Sync="TRUE">VEKARH</attrlabl><attalias Sync="TRUE">VEKARH</attalias><attrtype Sync="TRUE">String</attrtype><attwidth Sync="TRUE">254</attwidth><atprecis Sync="TRUE">0</atprecis><attscale Sync="TRUE">0</attscale></attr><attr><attrlabl Sync="TRUE">VEKSL</attrlabl><attalias Sync="TRUE">VEKSL</attalias><attrtype Sync="TRUE">String</attrtype><attwidth Sync="TRUE">254</attwidth><atprecis Sync="TRUE">0</atprecis><attscale Sync="TRUE">0</attscale></attr><attr><attrlabl Sync="TRUE">AKUVER</attrlabl><attalias Sync="TRUE">AKUVER</attalias><attrtype Sync="TRUE">String</attrtype><attwidth Sync="TRUE">254</attwidth><atprecis Sync="TRUE">0</atprecis><attscale Sync="TRUE">0</attscale></attr><attr><attrlabl Sync="TRUE">GYBPDK</attrlabl><attalias Sync="TRUE">GYBPDK</attalias><attrtype Sync="TRUE">String</attrtype><attwidth Sync="TRUE">254</attwidth><atprecis Sync="TRUE">0</atprecis><attscale Sync="TRUE">0</attscale></attr><attr><attrlabl Sync="TRUE">MEJKGB</attrlabl><attalias Sync="TRUE">MEJKGB</attalias><attrtype Sync="TRUE">String</attrtype><attwidth Sync="TRUE">254</attwidth><atprecis Sync="TRUE">0</atprecis><attscale Sync="TRUE">0</attscale></attr><attr><attrlabl Sync="TRUE">MHPST</attrlabl><attalias Sync="TRUE">MHPST</attalias><attrtype Sync="TRUE">String</attrtype><attwidth Sync="TRUE">254</attwidth><atprecis Sync="TRUE">0</atprecis><attscale Sync="TRUE">0</attscale></attr><attr><attrlabl Sync="TRUE">MEVPST</attrlabl><attalias Sync="TRUE">MEVPST</attalias><attrtype Sync="TRUE">String</attrtype><attwidth Sync="TRUE">254</attwidth><atprecis Sync="TRUE">0</atprecis><attscale Sync="TRUE">0</attscale></attr><attr><attrlabl Sync="TRUE">VX</attrlabl><attalias Sync="TRUE">VX</attalias><attrtype Sync="TRUE">String</attrtype><attwidth Sync="TRUE">254</attwidth><atprecis Sync="TRUE">0</atprecis><attscale Sync="TRUE">0</attscale></attr><attr><attrlabl Sync="TRUE">VY</attrlabl><attalias Sync="TRUE">VY</attalias><attrtype Sync="TRUE">String</attrtype><attwidth Sync="TRUE">254</attwidth><atprecis Sync="TRUE">0</atprecis><attscale Sync="TRUE">0</attscale></attr><attr><attrlabl Sync="TRUE">VZ</attrlabl><attalias Sync="TRUE">VZ</attalias><attrtype Sync="TRUE">String</attrtype><attwidth Sync="TRUE">254</attwidth><atprecis Sync="TRUE">0</atprecis><attscale Sync="TRUE">0</attscale></attr><attr><attrlabl Sync="TRUE">VU</attrlabl><attalias Sync="TRUE">VU</attalias><attrtype Sync="TRUE">String</attrtype><attwidth Sync="TRUE">254</attwidth><atprecis Sync="TRUE">0</atprecis><attscale Sync="TRUE">0</attscale></attr><attr><attrlabl Sync="TRUE">VT</attrlabl><attalias Sync="TRUE">VT</attalias><attrtype Sync="TRUE">String</attrtype><attwidth Sync="TRUE">254</attwidth><atprecis Sync="TRUE">0</atprecis><attscale Sync="TRUE">0</attscale></attr><attr><attrlabl Sync="TRUE">VV</attrlabl><attalias Sync="TRUE">VV</attalias><attrtype Sync="TRUE">String</attrtype><attwidth Sync="TRUE">254</attwidth><atprecis Sync="TRUE">0</atprecis><attscale Sync="TRUE">0</attscale></attr><attr><attrlabl Sync="TRUE">UPDATE_GB</attrlabl><attalias Sync="TRUE">UPDATE_GB</attalias><attrtype Sync="TRUE">String</attrtype><attwidth Sync="TRUE">254</attwidth><atprecis Sync="TRUE">0</atprecis><attscale Sync="TRUE">0</attscale></attr><attr><attrlabl Sync="TRUE">DATUMGB</attrlabl><attalias Sync="TRUE">DATUMGB</attalias><attrtype Sync="TRUE">String</attrtype><attwidth Sync="TRUE">254</attwidth><atprecis Sync="TRUE">0</atprecis><attscale Sync="TRUE">0</attscale></attr><attr><attrlabl Sync="TRUE">ID_PILAR</attrlabl><attalias Sync="TRUE">ID_PILAR</attalias><attrtype Sync="TRUE">String</attrtype><attwidth Sync="TRUE">254</attwidth><atprecis Sync="TRUE">0</atprecis><attscale Sync="TRUE">0</attscale></attr><attr><attrlabl Sync="TRUE">PILAR</attrlabl><attalias Sync="TRUE">PILAR</attalias><attrtype Sync="TRUE">String</attrtype><attwidth Sync="TRUE">254</attwidth><atprecis Sync="TRUE">0</atprecis><attscale Sync="TRUE">0</attscale></attr><attr><attrlabl Sync="TRUE">BUJUR_DD_</attrlabl><attalias Sync="TRUE">BUJUR_DD_</attalias><attrtype Sync="TRUE">Double</attrtype><attwidth Sync="TRUE">19</attwidth><atprecis Sync="TRUE">18</atprecis><attscale Sync="TRUE">8</attscale></attr><attr><attrlabl Sync="TRUE">LINTANG_DD</attrlabl><attalias Sync="TRUE">LINTANG_DD</attalias><attrtype Sync="TRUE">Double</attrtype><attwidth Sync="TRUE">19</attwidth><atprecis Sync="TRUE">18</atprecis><attscale Sync="TRUE">8</attscale></attr><attr><attrlabl Sync="TRUE">LINTANG_NS</attrlabl><attalias Sync="TRUE">LINTANG_NS</attalias><attrtype Sync="TRUE">String</attrtype><attwidth Sync="TRUE">254</attwidth><atprecis Sync="TRUE">0</atprecis><attscale Sync="TRUE">0</attscale></attr><attr><attrlabl Sync="TRUE">LINTANG_DE</attrlabl><attalias Sync="TRUE">LINTANG_DE</attalias><attrtype Sync="TRUE">Double</attrtype><attwidth Sync="TRUE">19</attwidth><atprecis Sync="TRUE">18</atprecis><attscale Sync="TRUE">8</attscale></attr><attr><attrlabl Sync="TRUE">LINTANG_ME</attrlabl><attalias Sync="TRUE">LINTANG_ME</attalias><attrtype Sync="TRUE">Double</attrtype><attwidth Sync="TRUE">19</attwidth><atprecis Sync="TRUE">18</atprecis><attscale Sync="TRUE">8</attscale></attr><attr><attrlabl Sync="TRUE">LINTANG__1</attrlabl><attalias Sync="TRUE">LINTANG__1</attalias><attrtype Sync="TRUE">Double</attrtype><attwidth Sync="TRUE">19</attwidth><atprecis Sync="TRUE">18</atprecis><attscale Sync="TRUE">8</attscale></attr><attr><attrlabl Sync="TRUE">BUJUR_EW</attrlabl><attalias Sync="TRUE">BUJUR_EW</attalias><attrtype Sync="TRUE">String</attrtype><attwidth Sync="TRUE">254</attwidth><atprecis Sync="TRUE">0</atprecis><attscale Sync="TRUE">0</attscale></attr><attr><attrlabl Sync="TRUE">BUJUR_DERA</attrlabl><attalias Sync="TRUE">BUJUR_DERA</attalias><attrtype Sync="TRUE">Double</attrtype><attwidth Sync="TRUE">19</attwidth><atprecis Sync="TRUE">18</atprecis><attscale Sync="TRUE">8</attscale></attr><attr><attrlabl Sync="TRUE">BUJUR_MENI</attrlabl><attalias Sync="TRUE">BUJUR_MENI</attalias><attrtype Sync="TRUE">Double</attrtype><attwidth Sync="TRUE">19</attwidth><atprecis Sync="TRUE">18</atprecis><attscale Sync="TRUE">8</attscale></attr><attr><attrlabl Sync="TRUE">BUJUR_DETI</attrlabl><attalias Sync="TRUE">BUJUR_DETI</attalias><attrtype Sync="TRUE">Double</attrtype><attwidth Sync="TRUE">19</attwidth><atprecis Sync="TRUE">18</atprecis><attscale Sync="TRUE">8</attscale></attr><attr><attrlabl Sync="TRUE">ORDHRZ</attrlabl><attalias Sync="TRUE">ORDHRZ</attalias><attrtype Sync="TRUE">Integer</attrtype><attwidth Sync="TRUE">10</attwidth><atprecis Sync="TRUE">10</atprecis><attscale Sync="TRUE">0</attscale></attr><attr><attrlabl Sync="TRUE">ACURTX</attrlabl><attalias Sync="TRUE">ACURTX</attalias><attrtype Sync="TRUE">Double</attrtype><attwidth Sync="TRUE">19</attwidth><atprecis Sync="TRUE">18</atprecis><attscale Sync="TRUE">8</attscale></attr><attr><attrlabl Sync="TRUE">ACURTY</attrlabl><attalias Sync="TRUE">ACURTY</attalias><attrtype Sync="TRUE">Double</attrtype><attwidth Sync="TRUE">19</attwidth><atprecis Sync="TRUE">18</atprecis><attscale Sync="TRUE">8</attscale></attr><attr><attrlabl Sync="TRUE">ACURTZ</attrlabl><attalias Sync="TRUE">ACURTZ</attalias><attrtype Sync="TRUE">Double</attrtype><attwidth Sync="TRUE">19</attwidth><atprecis Sync="TRUE">18</atprecis><attscale Sync="TRUE">8</attscale></attr><attr><attrlabl Sync="TRUE">AKSLKS</attrlabl><attalias Sync="TRUE">AKSLKS</attalias><attrtype Sync="TRUE">String</attrtype><attwidth Sync="TRUE">50</attwidth><atprecis Sync="TRUE">0</atprecis><attscale Sync="TRUE">0</attscale></attr><attr><attrlabl Sync="TRUE">ORDVER</attrlabl><attalias Sync="TRUE">ORDVER</attalias><attrtype Sync="TRUE">Integer</attrtype><attwidth Sync="TRUE">10</attwidth><atprecis Sync="TRUE">10</atprecis><attscale Sync="TRUE">0</attscale></attr><attr><attrlabl Sync="TRUE">DATGD</attrlabl><attalias Sync="TRUE">DATGD</attalias><attrtype Sync="TRUE">String</attrtype><attwidth Sync="TRUE">50</attwidth><atprecis Sync="TRUE">0</atprecis><attscale Sync="TRUE">0</attscale></attr><attr><attrlabl Sync="TRUE">ELVORT</attrlabl><attalias Sync="TRUE">ELVORT</attalias><attrtype Sync="TRUE">Double</attrtype><attwidth Sync="TRUE">19</attwidth><atprecis Sync="TRUE">18</atprecis><attscale Sync="TRUE">8</attscale></attr><attr><attrlabl Sync="TRUE">EPOCH</attrlabl><attalias Sync="TRUE">EPOCH</attalias><attrtype Sync="TRUE">String</attrtype><attwidth Sync="TRUE">50</attwidth><atprecis Sync="TRUE">0</atprecis><attscale Sync="TRUE">0</attscale></attr><attr><attrlabl Sync="TRUE">FSSCLA</attrlabl><attalias Sync="TRUE">FSSCLA</attalias><attrtype Sync="TRUE">Double</attrtype><attwidth Sync="TRUE">19</attwidth><atprecis Sync="TRUE">18</atprecis><attscale Sync="TRUE">8</attscale></attr><attr><attrlabl Sync="TRUE">IDCORS</attrlabl><attalias Sync="TRUE">IDCORS</attalias><attrtype Sync="TRUE">String</attrtype><attwidth Sync="TRUE">50</attwidth><atprecis Sync="TRUE">0</atprecis><attscale Sync="TRUE">0</attscale></attr><attr><attrlabl Sync="TRUE">KNPMNJ</attrlabl><attalias Sync="TRUE">KNPMNJ</attalias><attrtype Sync="TRUE">String</attrtype><attwidth Sync="TRUE">50</attwidth><atprecis Sync="TRUE">0</atprecis><attscale Sync="TRUE">0</attscale></attr><attr><attrlabl Sync="TRUE">KRUTMT</attrlabl><attalias Sync="TRUE">KRUTMT</attalias><attrtype Sync="TRUE">Double</attrtype><attwidth Sync="TRUE">19</attwidth><atprecis Sync="TRUE">18</atprecis><attscale Sync="TRUE">8</attscale></attr><attr><attrlabl Sync="TRUE">KRUTMU</attrlabl><attalias Sync="TRUE">KRUTMU</attalias><attrtype Sync="TRUE">Double</attrtype><attwidth Sync="TRUE">19</attwidth><atprecis Sync="TRUE">18</atprecis><attscale Sync="TRUE">8</attscale></attr><attr><attrlabl Sync="TRUE">KTSDTM</attrlabl><attalias Sync="TRUE">KTSDTM</attalias><attrtype Sync="TRUE">Integer</attrtype><attwidth Sync="TRUE">5</attwidth><atprecis Sync="TRUE">5</atprecis><attscale Sync="TRUE">0</attscale></attr><attr><attrlabl Sync="TRUE">KVNGRD</attrlabl><attalias Sync="TRUE">KVNGRD</attalias><attrtype Sync="TRUE">Double</attrtype><attwidth Sync="TRUE">19</attwidth><atprecis Sync="TRUE">18</atprecis><attscale Sync="TRUE">8</attscale></attr><attr><attrlabl Sync="TRUE">KOORDY</attrlabl><attalias Sync="TRUE">KOORDY</attalias><attrtype Sync="TRUE">Double</attrtype><attwidth Sync="TRUE">19</attwidth><atprecis Sync="TRUE">18</atprecis><attscale Sync="TRUE">8</attscale></attr><attr><attrlabl Sync="TRUE">KOORDX</attrlabl><attalias Sync="TRUE">KOORDX</attalias><attrtype Sync="TRUE">Double</attrtype><attwidth Sync="TRUE">19</attwidth><atprecis Sync="TRUE">18</atprecis><attscale Sync="TRUE">8</attscale></attr><attr><attrlabl Sync="TRUE">MEHPST</attrlabl><attalias Sync="TRUE">MEHPST</attalias><attrtype Sync="TRUE">Integer</attrtype><attwidth Sync="TRUE">10</attwidth><atprecis Sync="TRUE">10</atprecis><attscale Sync="TRUE">0</attscale></attr><attr><attrlabl Sync="TRUE">MONUME</attrlabl><attalias Sync="TRUE">MONUME</attalias><attrtype Sync="TRUE">Integer</attrtype><attwidth Sync="TRUE">10</attwidth><atprecis Sync="TRUE">10</atprecis><attscale Sync="TRUE">0</attscale></attr><attr><attrlabl Sync="TRUE">TGLPSG</attrlabl><attalias Sync="TRUE">TGLPSG</attalias><attrtype Sync="TRUE">Date</attrtype><attwidth Sync="TRUE">8</attwidth><atprecis Sync="TRUE">0</atprecis><attscale Sync="TRUE">0</attscale></attr><attr><attrlabl Sync="TRUE">TIPATN</attrlabl><attalias Sync="TRUE">TIPATN</attalias><attrtype Sync="TRUE">String</attrtype><attwidth Sync="TRUE">50</attwidth><atprecis Sync="TRUE">0</atprecis><attscale Sync="TRUE">0</attscale></attr><attr><attrlabl Sync="TRUE">TIPRCV</attrlabl><attalias Sync="TRUE">TIPRCV</attalias><attrtype Sync="TRUE">String</attrtype><attwidth Sync="TRUE">50</attwidth><atprecis Sync="TRUE">0</atprecis><attscale Sync="TRUE">0</attscale></attr><attr><attrlabl Sync="TRUE">URNLKS</attrlabl><attalias Sync="TRUE">URNLKS</attalias><attrtype Sync="TRUE">String</attrtype><attwidth Sync="TRUE">50</attwidth><atprecis Sync="TRUE">0</atprecis><attscale Sync="TRUE">0</attscale></attr><attr><attrlabl Sync="TRUE">VEKSKL</attrlabl><attalias Sync="TRUE">VEKSKL</attalias><attrtype Sync="TRUE">Double</attrtype><attwidth Sync="TRUE">19</attwidth><atprecis Sync="TRUE">18</atprecis><attscale Sync="TRUE">8</attscale></attr><attr><attrlabl Sync="TRUE">ZONUTM</attrlabl><attalias Sync="TRUE">ZONUTM</attalias><attrtype Sync="TRUE">String</attrtype><attwidth Sync="TRUE">50</attwidth><atprecis Sync="TRUE">0</atprecis><attscale Sync="TRUE">0</attscale></attr><attr><attrlabl Sync="TRUE">AKUORT</attrlabl><attalias Sync="TRUE">AKUORT</attalias><attrtype Sync="TRUE">Double</attrtype><attwidth Sync="TRUE">19</attwidth><atprecis Sync="TRUE">18</atprecis><attscale Sync="TRUE">8</attscale></attr><attr><attrlabl Sync="TRUE">KOORX</attrlabl><attalias Sync="TRUE">KOORX</attalias><attrtype Sync="TRUE">Double</attrtype><attwidth Sync="TRUE">19</attwidth><atprecis Sync="TRUE">18</atprecis><attscale Sync="TRUE">8</attscale></attr><attr><attrlabl Sync="TRUE">KOORY</attrlabl><attalias Sync="TRUE">KOORY</attalias><attrtype Sync="TRUE">Double</attrtype><attwidth Sync="TRUE">19</attwidth><atprecis Sync="TRUE">18</atprecis><attscale Sync="TRUE">8</attscale></attr><attr><attrlabl Sync="TRUE">KOORZ</attrlabl><attalias Sync="TRUE">KOORZ</attalias><attrtype Sync="TRUE">Double</attrtype><attwidth Sync="TRUE">19</attwidth><atprecis Sync="TRUE">18</atprecis><attscale Sync="TRUE">8</attscale></attr><attr><attrlabl Sync="TRUE">VLCRTT</attrlabl><attalias Sync="TRUE">VLCRTT</attalias><attrtype Sync="TRUE">Double</attrtype><attwidth Sync="TRUE">19</attwidth><atprecis Sync="TRUE">18</atprecis><attscale Sync="TRUE">8</attscale></attr><attr><attrlabl Sync="TRUE">VLCRTU</attrlabl><attalias Sync="TRUE">VLCRTU</attalias><attrtype Sync="TRUE">Double</attrtype><attwidth Sync="TRUE">19</attwidth><atprecis Sync="TRUE">18</atprecis><attscale Sync="TRUE">8</attscale></attr><attr><attrlabl Sync="TRUE">VLCRTV</attrlabl><attalias Sync="TRUE">VLCRTV</attalias><attrtype Sync="TRUE">Double</attrtype><attwidth Sync="TRUE">19</attwidth><atprecis Sync="TRUE">18</atprecis><attscale Sync="TRUE">8</attscale></attr><attr><attrlabl Sync="TRUE">VLCRTX</attrlabl><attalias Sync="TRUE">VLCRTX</attalias><attrtype Sync="TRUE">Double</attrtype><attwidth Sync="TRUE">19</attwidth><atprecis Sync="TRUE">18</atprecis><attscale Sync="TRUE">8</attscale></attr><attr><attrlabl Sync="TRUE">VLCRTY</attrlabl><attalias Sync="TRUE">VLCRTY</attalias><attrtype Sync="TRUE">Double</attrtype><attwidth Sync="TRUE">19</attwidth><atprecis Sync="TRUE">18</atprecis><attscale Sync="TRUE">8</attscale></attr><attr><attrlabl Sync="TRUE">VLCRTZ</attrlabl><attalias Sync="TRUE">VLCRTZ</attalias><attrtype Sync="TRUE">Double</attrtype><attwidth Sync="TRUE">19</attwidth><atprecis Sync="TRUE">18</atprecis><attscale Sync="TRUE">8</attscale></attr><attr><attrlabl Sync="TRUE">SHAPE</attrlabl><attalias Sync="TRUE">Shape</attalias><attrtype Sync="TRUE">Geometry</attrtype><attwidth Sync="TRUE">0</attwidth><atprecis Sync="TRUE">0</atprecis><attscale Sync="TRUE">0</attscale><attrdef Sync="TRUE">Feature geometry.</attrdef><attrdefs Sync="TRUE">Esri</attrdefs><attrdomv><udom Sync="TRUE">Coordinates defining the features.</udom></attrdomv></attr></detailed></eainfo><mdDateSt Sync="TRUE">20221226</mdDateSt></metadata>
